description,category
cleared all recurring infrastructure costs unfortunately,utilities
so basically the list had been pending for weeks this week,shopping
just the team earned their money this week again,salary
paperwork and associated costs,misc
top of funnel investment,marketing
customer acquisition spend,marketing
the commute cost for the whole month,transport
is hafte ad hoc costs that came up again,misc
things the office badly needed,shopping
the team was hungry after the long session this week,food
"anyway, weekly compensation processed for the team as usual",salary
the van needed refilling,transport
"honestly, dal chawal type scene tha aaj today",food
the place we operate from — monthly dues,rent
"honestly, the team was hungry after the long session this week",food
is hafte staying in shape is an investment this month,healthcare
just The tank was running low on the highway as usual,transport
Post meeting masti mein kuch kha liya,food
annual billing cycle hit,subscriptions
The knee was acting up again for the team,healthcare
Some downtime was needed,entertainment
the annual team day out,entertainment
Sponsored the birthday boy's treat as usual,food
ended up Brought something for the whole floor finally,food
"anyway, Kaam khatam hua paisa aa gaya for the team",salary
ended up Work completed and compensation received this month,salary
had to customer acquisition spend for the team,marketing
finally the tank was running low on the highway as usual,transport
had to prepped for the whole week finally,food
digital visibility spend,marketing
what the building demands every month,utilities
ended up crossed cities for the deal this month,travel
finally auto-charged as always,subscriptions
finally odds and ends this month thankfully,misc
the annual team day out again,entertainment
Production needs were fulfilled,raw_material
ended up Digital visibility spend unfortunately,marketing
finally mental health is also an expense this month,healthcare
ended up paisa aaya akhir finally unfortunately,salary
"honestly, outstation movement costs this month",transport
finally Getting more people to notice us unfortunately,marketing
Regular upkeep of the physical self,healthcare
"anyway, Getting equipped for the new hire for the team",shopping
ended up Brand push for the quarter this month,marketing
streamed the match live at office,entertainment
miscellaneous liabilities cleared,misc
is hafte annual billing cycle hit,subscriptions
went ahead and replaced the broken item today,shopping
went ahead and covered under the health budget finally,healthcare
so basically fuel for the body before the marathon session today,food
sourced what's needed for the work,raw_material
seasonal spike in consumption cost,utilities
post standup munchies,food
had people over so cooked a lot,food
the place isn't free obviously,rent
went ahead and team celebration ke liye mithai,food
went ahead and Sourced what's needed for the work unfortunately,raw_material
weekly compensation processed for the team,salary
location cost for the business,rent
"honestly, had people over so cooked a lot this week",food
Made sure everything stays connected,utilities
so basically Invested in getting better at the job unfortunately,education
commercial space payment,rent
went ahead and Broke the monotony with an outing unfortunately,entertainment
finally street food on the way to site this month,food
light aana band ho gaya tha toh diya,utilities
so basically the team earned their money this week,salary
aaj Gaadi mein tel daalna tha for work,transport
recognition in monetary form,salary
"anyway, Some downtime was needed finally",entertainment
told the world about the new thing,marketing
street food on the way to site,food
cloud infra renewed,subscriptions
had to the landlord was waiting since last month again,rent
Clearing dues that come every month,utilities
"anyway, levelling up before the next project today",education
got chai for everyone before the presentation,food
"honestly, Aane jaane ke chhote kharche again",misc
ended up Hired a driver for the day,transport
Delivered the project so money came in,salary
clearing dues that come every month,utilities
just Gaadi mein tel daalna tha for the team,transport
went ahead and people got paid for their effort for the team,salary
treating the team after a hard week for the team,food
did something fun for once,entertainment
"honestly, tools we rely on every day this month",subscriptions
finally replaced what broke last month for work,shopping
advance deducted from this month,rent
finally supplier came through on the order finally,raw_material
"honestly, work completed and compensation received as usual",salary
finally the van needed refilling again,transport
maintenance the building needed,misc
just Renewal of the core stack unfortunately,subscriptions
finally Stocked up before things run out finally,shopping
"anyway, coordinating the site visits thankfully",transport
had to logistics for the delivery run for the team,transport
is hafte Got rewarded for the last quarter's work finally,salary
doctor ne kuch likh diya toh le aayi,healthcare
aaj shifting goods required a truck,transport
is hafte adding to the workspace finally,shopping
had to Miscellaneous liabilities cleared thankfully,misc
Body check required before travel again,healthcare
office needed some new things,shopping
just keeping the tech running,subscriptions
went ahead and The vehicle needed a topup before the trip again,transport
conference required physical presence,travel
clearing dues that come every month again,utilities
certification unlocked,education
had to meter reading was high this cycle finally,utilities
the commute cost for the whole week,transport
"anyway, secured the space for next month too this week",rent
ended up production lines needed feeding this month,raw_material
"honestly, The office pantry needed a restock",food
ended up Getting from point a to point b again,transport
went ahead and checked into a place near the venue,travel
"honestly, it was someone's birthday so we all pitched in today",food
so basically commercial space payment finally,rent
so basically delivered the project so money came in for the team,salary
ended up staying in shape is an investment thankfully,healthcare
finally commercial space payment thankfully,rent
so basically Long distance work commitment today,travel
aaj played games all evening as usual,entertainment
morale boost for the team unfortunately,entertainment
team lead went ahead to prep,travel
finally first-of-month big payment done thankfully,rent
the usual monthly digital overhead,subscriptions
broke the monotony with an outing,entertainment
ended up Office needed some new things today,shopping
aaj location cost for the business unfortunately,rent
festive sweets distributed in office,food
had to monthly provisions for the workspace,food
ended up Promoting what we built again,marketing
clearing the backlog of small dues,misc
treating the team after a hard week,food
got the inputs before the price hike,raw_material
had to keeping the office functional this week,utilities
Knowledge purchase,education
aaj mess subscription for the month this week,food
"honestly, snack drawer desperately needed a refill for the team",food
the team needed to learn the new stack,education
finally Promoting what we built for work,marketing
had to watching stuff together builds culture unfortunately,entertainment
the weekly recurring charges for the office today,utilities
two-wheeler expenses this month,transport
aaj the world needed to know we exist again,marketing
"anyway, Getting more people to notice us as usual",marketing
had to Secured stock ahead of the busy period again,raw_material
The office pantry needed a restock,food
had to closed out the month's HR obligations,salary
is hafte growth budget utilized,marketing
"honestly, renewal of the core stack",subscriptions
finally made sure everything stays connected today,utilities
Tolls on the way to the supplier,transport
Sourced what's needed for the work,raw_material
first-of-month big payment done,rent
Settled with the property owner,rent
the list had been pending for weeks,shopping
Office needed some new things thankfully,shopping
finally did something fun for once again,entertainment
so basically occupancy cost for this period this month,rent
just Long pending payment from that big client finally,salary
"anyway, reach extended this quarter this month",marketing
Monthly household essentials done today,food
The commute cost for the whole week,transport
body maintenance this month,healthcare
spreading the word about the launch,marketing
aaj library card renewed for work,education
is hafte logistics for the delivery run this month,transport
just cost of goods this cycle this month,raw_material
the digital infrastructure fee,subscriptions
finally much needed break after the crunch this week,entertainment
went ahead and work completed and compensation received for work,salary
the hospital errand was unavoidable,healthcare
back to the physio again,healthcare
went ahead and Delivered the project so money came in this week,salary
finally small but necessary outflows unfortunately,misc
is hafte the place we operate from — weekly dues again,rent
"honestly, Friday evening fun approved unfortunately",entertainment
Inputs for the manufacturing run,raw_material
had to ghar mein kuch tha nahi toh gaya market for work,food
Friday evening fun approved,entertainment
had to the digital infrastructure fee for the team,subscriptions
Paisa aaya akhir finally,salary
the team was hungry after the long session,food
Promoting what we built,marketing
aaj long pending payment from that big client again,salary
Gaadi mein tel daalna tha,transport
long pending payment from that big client,salary
bijli wala aa gaya tha,utilities
just sourcing done for the month unfortunately,raw_material
"anyway, bijli wala aa gaya tha again",utilities
"anyway, staying connected and powered for work",utilities
The van needed refilling,transport
Material khatam ho gaya tha,raw_material
so basically outstation movement costs today,transport
went ahead and Light aana band ho gaya tha toh diya thankfully,utilities
so basically gaadi mein tel daalna tha this week,transport
"honestly, the place we operate from — monthly dues again",rent
"honestly, getting equipped for the new hire unfortunately",shopping
keeping the office functional this month,utilities
just account credited after the invoice cleared this month,salary
so basically Material khatam ho gaya tha as usual,raw_material
so basically property dues cleared today,rent
finally keeping everything switched on as usual,utilities
aaj broke the monotony with an outing as usual,entertainment
ended up end of week petty expenses this week,misc
went ahead and the knee was acting up again as usual,healthcare
just celebrating the project win with colleagues for work,food
Aane jaane ke chhote kharche,misc
aaj Monthly household essentials done today,food
had to platform charged as expected unfortunately,subscriptions
so basically the tank was running low on the highway as usual,transport
ended up Staying relevant in the field for work,education
"honestly, Levelling up before the next project for the team",education
so basically chai sutta break expenses,food
finally the place we operate from — monthly dues finally,rent
end of week petty expenses,misc
kuch cheezein khareedni thi,shopping
cost of goods this cycle,raw_material
just ordered in because the cook was on leave for work,food
Kiraya dene ka time aa gaya,rent
building owner cleared,rent
is hafte cleared the insurance renewal quietly this week,healthcare
occupancy cost for this period,rent
tiffin service renewed,food
"honestly, Subscribed to keep ourselves sane this week",entertainment
so basically Stocked up before things run out again,shopping
had to monthly compensation processed for the team unfortunately,salary
aaj office needed some new things this month,shopping
went ahead and brand push for the quarter thankfully,marketing
Crossed cities for the deal,travel
aaj got rewarded for the last quarter's work this month,salary
went ahead and Post meeting masti mein kuch kha liya this week,food
cleared all recurring infrastructure costs,utilities
just driver had to go multiple times finally,transport
finally small stuff that needed sorting this month,misc
Auto-charged as always,subscriptions
so basically weekly household essentials done finally,food
ended up broke the monotony with an outing this week,entertainment
auto-charged as always,subscriptions
went ahead and premises payment settled this month,rent
is hafte tolls on the way to the supplier thankfully,transport
just Sponsored the birthday boy's treat unfortunately,food
ended up Monthly compensation processed for the team again,salary
The digital infrastructure fee,subscriptions
just the list had been pending for weeks for the team,shopping
finally Covered under the health budget for work,healthcare
cleared the professional dues,salary
so basically awareness campaign run unfortunately,marketing
so basically seasonal spike in consumption cost,utilities
"honestly, Watching stuff together builds culture for work",entertainment
so basically body maintenance this week unfortunately,healthcare
the intern was hungry and so were we,food
just spreading the word about the launch as usual,marketing
"anyway, some downtime was needed for work",entertainment
keeping everything switched on,utilities
library card renewed,education
so basically The fridge was empty so did a big run thankfully,food
aaj kiraya dene ka time aa gaya today,rent
covered under the health budget,healthcare
checked into a place near the venue,travel
finally crossed cities for the deal for the team,travel
"anyway, daily commute sorted for the month this month",transport
dal chawal type scene tha aaj,food
went ahead and incentive structure played out for the team,salary
"anyway, Small stuff that needed sorting today",misc
aaj Checked in for the night for work,travel
invested in knowing more,education
transaction from the company,salary
the office pantry needed a restock,food
"honestly, bulk order fulfilled by supplier this week",raw_material
The client finally settled the dues,salary
brand push for the quarter,marketing
Offsite with the leadership team,travel
finally body check required before travel unfortunately,healthcare
"honestly, maintenance the building needed finally",misc
"honestly, the event needed catering arrangements as usual",food
had to levelling up before the next project for work,education
ended up client ko khilaya piya today,food
just Flew out for the big meeting today,travel
went ahead and body check required before travel thankfully,healthcare
sabke liye kuch mangwa liya,food
had to The monthly recurring charges for the office again,utilities
finally team lead went ahead to prep for the team,travel
went ahead and Commercial space payment thankfully,rent
had to cloud infra renewed this month,subscriptions
Staying in shape is an investment,healthcare
is hafte brought something for the whole floor this month,food
just two-wheeler expenses this month this month,transport
Brought something for the whole floor,food
so basically friday evening fun approved this month,entertainment
went ahead and monthly provisions for the workspace finally,food
just Clearing dues that come every month finally,utilities
just Settled with the property owner finally,rent
went ahead and annual physical done unfortunately,healthcare
flew out for the big meeting,travel
knowledge purchase,education
Mental health is also an expense,healthcare
station se ghar tak ki cost,transport
had to the commute cost for the whole week this month,transport
just Payment credited for past service,salary
aaj needed to show up in person for the team,travel
project deliverable submitted and invoiced,salary
Checked into a place near the venue,travel
finally the place isn't free obviously this week,rent
weekly compensation processed for the team today,salary
weekly household essentials done,food
finally settled with the property owner this month,rent
the team needed to decompress,entertainment
had to hired a driver for the day,transport
flew out for the big meeting finally,travel
"anyway, paperwork and associated costs this week",misc
the hospital errand was unavoidable this month,healthcare
finally getting from point A to point B this week,transport
the distance needed to be covered somehow,transport
Replaced the broken item,shopping
cleared the insurance renewal quietly,healthcare
went ahead and Work completed and compensation received for work,salary
ended up The team needed to learn the new stack for the team,education
had to the usual tuesday kirana run thankfully,food
employee got their package,salary
went ahead and the fridge was empty so did a big run for the team,food
"honestly, body maintenance this month finally",healthcare
"anyway, annual physical done for work",healthcare
went ahead and sourcing done for the month as usual,raw_material
platform charged as expected,subscriptions
odds and ends this month,misc
is hafte client insisted on a face to face today,travel
so basically project deliverable submitted and invoiced,salary
went ahead and the team needed to decompress as usual,entertainment
"honestly, Auto-charged as always this month",subscriptions
"anyway, prepped for the whole week",food
finally The client finally settled the dues this month,salary
moved the team to the venue,transport
Doctor ne kuch likh diya toh le aayi,healthcare
finally Odds and ends this month for the team,misc
aaj getting more people to notice us this month,marketing
so basically The place we operate from — monthly dues as usual,rent
checked in for the night,travel
cleared what we owe for the premises,rent
Secured stock ahead of the busy period,raw_material
finally conference required physical presence thankfully,travel
incentive structure played out,salary
ended up material khatam ho gaya tha unfortunately,raw_material
The team earned their money this month,salary
had to Mental health is also an expense again,healthcare
Hired a driver for the day,transport
so basically the stuff that doesn't fit elsewhere thankfully,misc
finally got the items on backorder,shopping
went ahead and Inputs for the manufacturing run,raw_material
had to the monthly non-negotiables for the team,utilities
"honestly, Replaced the broken item for work",shopping
ended up The commute cost for the whole week this week,transport
The team needed to learn the new stack,education
friday evening fun approved,entertainment
Monthly compensation processed for the team,salary
finally The tank was running low on the highway as usual,transport
The vehicle needed a topup before the trip,transport
went ahead and weekly obligation to the building owner thankfully,rent
went ahead and inputs for the manufacturing run this week,raw_material
is hafte paperwork and associated costs finally,misc
had to Body check required before travel unfortunately,healthcare
is hafte the monthly recurring charges for the office this month,utilities
Ad hoc costs that came up,misc
had to transaction from the company this month,salary
pick and drop arranged for client,transport
long distance work commitment,travel
aaj made sure everything stays connected this month,utilities
the landlord was waiting since last week,rent
used an app to get a ride,transport
had to grabbed something warm on a cold morning for the team,food
just daily commute sorted for the week this week,transport
just Kuch cheezein khareedni thi again,shopping
is hafte after the AC usage went up the bill doubled thankfully,utilities
payment credited for past service,salary
aaj project deliverable submitted and invoiced for the team,salary
outstation movement costs,transport
had to Broke the monotony with an outing,entertainment
aaj cleared what we owe for the premises today,rent
morale boost for the team,entertainment
The place we operate from — monthly dues,rent
Miscellaneous liabilities cleared,misc
watching stuff together builds culture,entertainment
ended up stocked up before things run out today,shopping
just material khatam ho gaya tha this week,raw_material
aaj the business got its due from the client this week,salary
just Monthly obligation to the building owner this week,rent
fleet maintenance costs,transport
something for the persistent headache,healthcare
had to Awareness campaign run for work,marketing
offsite with the leadership team,travel
What keeps the lights on here,utilities
aaj the business got its due from the client this month,salary
Project deliverable submitted and invoiced,salary
monthly obligation to the building owner,rent
"anyway, Away on work this week this week",travel
advance deducted from this month as usual,rent
Sabke liye kuch mangwa liya,food
"honestly, It was someone's birthday so we all pitched in this month",food
finally Essential services payment unfortunately,utilities
aaj First-of-month big payment done again,rent
"honestly, Awareness campaign run finally",marketing
so basically Reading material for the project research for the team,education
ended up station se ghar tak ki cost today,transport
so basically reading material for the project research again,education
aaj Project deliverable submitted and invoiced for the team,salary
had people over so cooked a lot unfortunately,food
so basically Got chai for everyone before the presentation again,food
just platform charge this week unfortunately,subscriptions
aaj the baseline of doing business this month,utilities
went ahead and Moved the team to the venue as usual,transport
got rewarded for the last quarter's work,salary
Small stuff that needed sorting,misc
"honestly, employee got their package finally",salary
aaj Crossed cities for the deal as usual,travel
aane jaane ke chhote kharche,misc
Flew out for the big meeting,travel
hired a driver for the day,transport
ended up what the building demands every month for the team,utilities
out of town for a few days unfortunately,travel
Commercial space payment finally,rent
Cleared what we owe for the premises,rent
just Flew out for the big meeting thankfully,travel
net connection renewal done,utilities
had to First-of-month big payment done for work,rent
"anyway, out of town for a few days thankfully",travel
followed up on the old complaint,healthcare
finally The digital infrastructure fee for work,subscriptions
"anyway, the usual tuesday kirana run for work",food
Treating the team after a hard week,food
snack drawer desperately needed a refill,food
"honestly, body maintenance this month as usual",healthcare
needed to show up in person,travel
had to monthly obligation to the building owner thankfully,rent
just Daily commute sorted for the week for work,transport
"honestly, Clearing dues that come every month this week",utilities
is hafte offsite with the leadership team for the team,travel
"anyway, bulk order fulfilled by supplier this week",raw_material
had to Secured stock ahead of the busy period this week,raw_material
Supplier came through on the order,raw_material
inventory was running thin,raw_material
"honestly, got compensated for the extra hours for work",salary
went ahead and Made sure everything stays connected this week,utilities
clearing the backlog of small dues finally,misc
so basically Checked in for the night this week,travel
ended up some downtime was needed this week,entertainment
had to light aana band ho gaya tha toh diya as usual,utilities
software stack maintained,subscriptions
body check required before travel,healthcare
staying relevant in the field,education
regular upkeep of the physical self,healthcare
"honestly, The team needed to learn the new stack this month",education
ended up ad hoc costs that came up finally,misc
Told the world about the new thing,marketing
finally covered under the health budget for the team,healthcare
aaj station se ghar tak ki cost,transport
just festive sweets distributed in office unfortunately,food
aaj secured stock ahead of the busy period as usual,raw_material
Staying relevant in the field,education
Stocked up before things run out,shopping
Sponsored the birthday boy's treat,food
aaj Replaced the broken item again,shopping
growth budget utilized,marketing
Invested in getting better at the job,education
ended up supplier came through on the order again,raw_material
went ahead and project payment finally landed as usual,salary
"anyway, certification unlocked thankfully",education
everyone needed this after that quarter,entertainment
First-of-month big payment done,rent
first-of-week big payment done,rent
renewal of the core stack,subscriptions
ended up cleared what we owe for the premises for work,rent
sponsored the birthday boy's treat,food
so basically ordered in because the cook was on leave,food
paisa aaya akhir finally,salary
driver had to go multiple times,transport
is hafte client insisted on a face to face unfortunately,travel
so basically Ghar mein kuch tha nahi toh gaya market unfortunately,food
had to kiraya dene ka time aa gaya as usual,rent
client ko khilaya piya,food
Getting from point a to point b,transport
ended up followed up on the old complaint today,healthcare
so basically staying connected and powered this week,utilities
ended up invested in knowing more for work,education
future-proofing the skill set,education
prepped for the whole week,food
just maintenance the building needed today,misc
just kaam khatam hua paisa aa gaya for the team,salary
just back to the physio again again,healthcare
Getting equipped for the new hire,shopping
is hafte closed out the month's HR obligations as usual,salary
Got stuff for the house from the big store this week,food
Long pending payment from that big client,salary
ended up Levelling up before the next project for work,education
ended up Keeping the tech running as usual,subscriptions
"honestly, payment credited for past service for work",salary
"anyway, software stack maintained this month",subscriptions
so basically Staying in shape is an investment finally,healthcare
"anyway, Station se ghar tak ki cost for work",transport
"anyway, needed to show up in person unfortunately",travel
"anyway, Payment credited for past service finally",salary
"honestly, net connection renewal done for the team",utilities
Bijli wala aa gaya tha,utilities
Work completed and compensation received,salary
"anyway, Digital visibility spend finally",marketing
went ahead and reading material for the project research for work,education
ended up equipment upgrade done for the team,shopping
The team was hungry after the long session,food
aaj team lead went ahead to prep again,travel
"honestly, the van needed refilling for the team",transport
so basically renewal of the core stack for work,subscriptions
Got chai for everyone before the presentation,food
had to Keeping the tech running this month,subscriptions
finally regular upkeep of the physical self this week,healthcare
replaced the broken item,shopping
had to the intern was hungry and so were we for work,food
one-off expense no one planned for,misc
had to the fridge was empty so did a big run again,food
aaj cleared the professional dues again,salary
Subscribed to keep ourselves sane,entertainment
kaam khatam hua paisa aa gaya for work,salary
played games all evening,entertainment
had to platform charge this month for the team,subscriptions
had to keeping the office functional this month again,utilities
finally Tolls on the way to the supplier this week,transport
clearing dues that come every month this month,utilities
cost of goods this cycle thankfully,raw_material
went ahead and friday evening fun approved this month,entertainment
ended up invested in knowing more this month,education
just Offsite with the leadership team today,travel
Sabke liye kuch mangwa liya for the team,food
body maintenance this week,healthcare
so basically checked into a place near the venue unfortunately,travel
ended up Post meeting masti mein kuch kha liya as usual,food
ended up The digital infrastructure fee for work,subscriptions
Account credited after the invoice cleared,salary
Covered under the health budget,healthcare
daily commute sorted for the week,transport
stocking up for the quarter,shopping
ended up the knee was acting up again today,healthcare
so basically Kaam khatam hua paisa aa gaya this week,salary
had to the team needed to decompress this week,entertainment
just End of week petty expenses finally,misc
so basically Light aana band ho gaya tha toh diya,utilities
monthly household essentials done,food
just Essential services payment again,utilities
essential services payment,utilities
is hafte conference to broaden perspective for the team,education
so basically brand push for the quarter as usual,marketing
finally the office pantry needed a restock this week,food
staying connected and powered,utilities
had to invested in getting better at the job for the team,education
Watching stuff together builds culture,entertainment
getting from point A to point B,transport
finally Covered under the health budget thankfully,healthcare
went ahead and got stuff for the house from the big store this week,food
Monthly obligation to the building owner,rent
is hafte library card renewed this week,education
ended up long distance work commitment again,travel
just daily commute sorted for the week finally,transport
Renewal of the core stack for work,subscriptions
is hafte coordinating the site visits again,transport
"honestly, mental health is also an expense",healthcare
aaj settled with the property owner finally,rent
annual physical done,healthcare
ended up the invoice was long overdue from them,salary
"honestly, delivered the project so money came in as usual",salary
Long distance work commitment,travel
much needed break after the crunch,entertainment
after the AC usage went up the bill doubled,utilities
gaadi mein tel daalna tha,transport
ended up recognition in monetary form as usual,salary
finally Bought what the team requested thankfully,shopping
Ghar mein kuch tha nahi toh gaya market,food
had to doctor ne kuch likh diya toh le aayi this month,healthcare
so basically Reading material for the project research this week,education
workshop that was worth every rupee,education
went ahead and digital visibility spend finally,marketing
so basically morale boost for the team for work,entertainment
had to monthly household essentials done for work,food
so basically everyone needed this after that quarter for work,entertainment
went ahead and daily commute sorted for the month unfortunately,transport
some downtime was needed,entertainment
is hafte the place we operate from — weekly dues for the team,rent
Bought what the team requested,shopping
is hafte staying relevant in the field finally,education
went ahead and kaam ka hisaab kiya thankfully,salary
aaj seasonal spike in consumption cost this month,utilities
is hafte followed up on the old complaint today,healthcare
aaj much needed break after the crunch again,entertainment
celebrating the project win with colleagues,food
finally It was someone's birthday so we all pitched in thankfully,food
had to digital visibility spend,marketing
Odds and ends this month,misc
just Brought something for the whole floor this week,food
odds and ends this week,misc
the event needed catering arrangements,food
went ahead and team celebration ke liye mithai this week,food
just small stuff that needed sorting again,misc
just employee got their package,salary
told the world about the new thing for work,marketing
just small but necessary outflows as usual,misc
Awareness campaign run,marketing
Got rewarded for the last quarter's work this week,salary
aaj cleared all recurring infrastructure costs today,utilities
production needs were fulfilled,raw_material
Checked in for the night,travel
went ahead and ghar aur office dono ke bills thankfully,utilities
aaj Keeping the office functional this month this week,utilities
reading material for the project research,education
had to Dal chawal type scene tha aaj thankfully,food
so basically got the inputs before the price hike again,raw_material
had to getting more people to notice us today,marketing
property dues cleared thankfully,rent
is hafte The client finally settled the dues,salary
so basically subscribed to keep ourselves sane finally,entertainment
aaj bijli wala aa gaya tha as usual,utilities
getting equipped for the new hire,shopping
Broke the monotony with an outing,entertainment
keeping the tech running,subscriptions
staying in shape is an investment,healthcare
so basically what keeps the business running online unfortunately,subscriptions
just Long distance work commitment today,travel
finally got chai for everyone before the presentation for work,food
so basically aane jaane ke chhote kharche unfortunately,misc
Getting more people to notice us,marketing
had to Used an app to get a ride this week,transport
ended up the weekly recurring charges for the office for work,utilities
made sure everything stays connected,utilities
spreading the word about the launch today,marketing
kiraya dene ka time aa gaya,rent
"honestly, the place isn't free obviously finally",rent
so basically Kuch cheezein khareedni thi thankfully,shopping
had to the event needed catering arrangements thankfully,food
the business got its due from the client,salary
aaj the landlord was waiting since last month unfortunately,rent
ended up Subscribed to keep ourselves sane today,entertainment
had to treating the team after a hard month again,food
went ahead and sponsored the birthday boy's treat as usual,food
Kuch cheezein khareedni thi,shopping
The knee was acting up again,healthcare
Brand push for the quarter,marketing
work completed and compensation received,salary
finally advance deducted from this month for work,rent
"anyway, Small stuff that needed sorting",misc
just Monthly compensation processed for the team thankfully,salary
project payment finally landed,salary
stocked up before things run out,shopping
ended up pick and drop arranged for client as usual,transport
had to Tools we rely on every day unfortunately,subscriptions
"anyway, the monthly non-negotiables this month",utilities
went ahead and Bijli wala aa gaya tha thankfully,utilities
so basically Regular upkeep of the physical self this week,healthcare
aaj got the inputs before the price hike as usual,raw_material
"anyway, invested in getting better at the job finally",education
is hafte the commute cost for the whole week this month,transport
grabbed something warm on a cold morning,food
Kaam khatam hua paisa aa gaya,salary
secured stock ahead of the busy period,raw_material
Light aana band ho gaya tha toh diya,utilities
Office needed some new things,shopping
sourcing done for the month,raw_material
ended up Keeping the office functional this month for work,utilities
"anyway, sourced what's needed for the work",raw_material
inputs for the manufacturing run,raw_material
ended up Supplier came through on the order as usual,raw_material
aaj Platform charge this month this week,subscriptions
had to away on work this month for work,travel
so basically treating the team after a hard month finally,food
logistics for the delivery run,transport
"honestly, it was someone's birthday so we all pitched in this week",food
Delivered the project so money came in unfortunately,salary
"anyway, Friday evening fun approved again",entertainment
Got stuff for the house from the big store,food
the vehicle needed a topup before the trip,transport
chai sutta break expenses,food
"honestly, tiffin service renewed finally",food
treating the team after a hard month,food
ended up the digital infrastructure fee this week,subscriptions
essential services payment this month,utilities
fuel for the body before the marathon session,food
account credited after the invoice cleared,salary
ended up the commute cost for the whole month today,transport
ad hoc costs that came up,misc
so basically The vehicle needed a topup before the trip this week,transport
keeping the office functional this week,utilities
fleet maintenance costs this week,transport
ended up Body maintenance this month for work,healthcare
Essential services payment,utilities
monthly compensation processed for the team,salary
"honestly, the distance needed to be covered somehow unfortunately",transport
aaj Dal chawal type scene tha aaj,food
platform charge this month,subscriptions
reach extended this quarter,marketing
the baseline of doing business,utilities
the client finally settled the dues,salary
clearing dues that come every week,utilities
The fridge was empty so did a big run,food
went ahead and clearing what we owe to the municipality for the team,utilities
post meeting masti mein kuch kha liya,food
ended up Account credited after the invoice cleared finally,salary
mess subscription for the month,food
so basically end of month petty expenses today,misc
finally odds and ends this week as usual,misc
movement cost for the field team,transport
team celebration ke liye mithai,food
is hafte cleared the insurance renewal quietly for work,healthcare
got stuff for the house from the big store,food
away on work this week,travel
meter reading was high this cycle,utilities
went ahead and recognition in monetary form thankfully,salary
so basically top of funnel investment for work,marketing
Commercial space payment,rent
went ahead and post standup munchies today,food
is hafte told the world about the new thing again,marketing
is hafte back to the physio again this month,healthcare
secured the space for next month too,rent
just the usual monthly digital overhead again,subscriptions
aaj The team needed to decompress for work,entertainment
had to what keeps the lights on here today,utilities
client insisted on a face to face,travel
is hafte adding to the workspace unfortunately,shopping
"honestly, Knowledge purchase as usual",education
Tools we rely on every day,subscriptions
the team earned their money this week,salary
people got paid for their effort,salary
end of month petty expenses this month,misc
so basically The team was hungry after the long session again,food
is hafte odds and ends this week this month,misc
ended up bought what the team requested finally,shopping
it was someone's birthday so we all pitched in,food
just meter reading was high this cycle unfortunately,utilities
had to one-off expense no one planned for this week,misc
adding to the workspace,shopping
kept the wheels turning,transport
daily commute sorted for the month,transport
had to Made sure everything stays connected this week,utilities
went ahead and Ad hoc costs that came up this week,misc
What keeps the lights on here again,utilities
conference to broaden perspective,education
aaj Clearing what we owe to the municipality this month,utilities
body maintenance this week today,healthcare
odds and ends this month this month,misc
shifting goods required a truck,transport
aaj end of week petty expenses finally,misc
aaj Getting from point a to point b today,transport
"honestly, monthly obligation to the building owner as usual",rent
"anyway, Body maintenance this month unfortunately",healthcare
had to Monthly obligation to the building owner unfortunately,rent
finally After the go-live party today,entertainment
aaj away on work this week thankfully,travel
the invoice was long overdue from them,salary
is hafte Sabke liye kuch mangwa liya for work,food
"honestly, away on work this week for work",travel
is hafte post meeting masti mein kuch kha liya finally,food
Station se ghar tak ki cost,transport
finally ghar aur office dono ke bills finally,utilities
so basically weekly household essentials done,food
went ahead and Bijli wala aa gaya tha this month,utilities
went ahead and kuch cheezein khareedni thi unfortunately,shopping
Reading material for the project research,education
weekly obligation to the building owner,rent
Net connection renewal done,utilities
knowledge purchase this month,education
just aane jaane ke chhote kharche,misc
Adding to the workspace,shopping
just Treating the team after a hard week finally,food
crossed cities for the deal,travel
went ahead and Adding to the workspace as usual,shopping
ended up Aane jaane ke chhote kharche this week,misc
premises payment settled again,rent
just what keeps the business running online,subscriptions
End of week petty expenses,misc
finally grabbed something warm on a cold morning for work,food
"honestly, platform charge this month finally",subscriptions
so basically sabke liye kuch mangwa liya finally,food
aaj Clearing what we owe to the municipality again,utilities
aaj gaadi mein tel daalna tha,transport
"honestly, Regular upkeep of the physical self finally",healthcare
platform charge this week again,subscriptions
platform charge this week,subscriptions
preventive care is part of the plan,healthcare
aaj regular upkeep of the physical self finally,healthcare
hired a driver for the day for work,transport
is hafte checked in for the night,travel
awareness campaign run,marketing
just Production needs were fulfilled today,raw_material
what keeps the business running online,subscriptions
had to promoting what we built today,marketing
the vehicle expenses this fortnight,transport
"honestly, The landlord was waiting since last week today",rent
"anyway, Hired a driver for the day this month",transport
went ahead and preventive care is part of the plan today,healthcare
monthly provisions for the workspace,food
just Got chai for everyone before the presentation unfortunately,food
had to the commute cost for the whole month,transport
Body maintenance this month,healthcare
the knee was acting up again,healthcare
aaj flew out for the big meeting this week,travel
finally future-proofing the skill set this month,education
aaj inventory was running thin this week,raw_material
so basically driver had to go multiple times finally,transport
aaj mess subscription for the month unfortunately,food
clearing what we owe to the municipality,utilities
"anyway, snack drawer desperately needed a refill today",food
finally got chai for everyone before the presentation finally,food
had to the team needed to learn the new stack for work,education
went ahead and two-wheeler expenses this month this week,transport
went ahead and the team earned their money this month for the team,salary
finally auto-charged as always for the team,subscriptions
so basically the landlord was waiting since last week for the team,rent
finally Supplier came through on the order for the team,raw_material
ended up festive sweets distributed in office this month,food
aaj production needs were fulfilled thankfully,raw_material
"anyway, the client finally settled the dues this month",salary
had to kept the wheels turning finally,transport
aaj Long pending payment from that big client,salary
"anyway, account credited after the invoice cleared again",salary
the world needed to know we exist,marketing
went ahead and workshop that was worth every rupee finally,education
used an app to get a ride as usual,transport
used an app to get a ride again,transport
after the go-live party thankfully,entertainment
brought something for the whole floor,food
went ahead and equipment upgrade done unfortunately,shopping
went ahead and kaam ka hisaab kiya for the team,salary
out of town for a few days,travel
"anyway, shared meal before the long call for work",food
the monthly non-negotiables,utilities
so basically got compensated for the extra hours for the team,salary
closed out the month's HR obligations,salary
"anyway, keeping the office functional this month finally",utilities
finally Platform charge this month thankfully,subscriptions
went ahead and kuch cheezein khareedni thi for work,shopping
the team earned their money this month,salary
ended up Got stuff for the house from the big store for the team,food
had to dal chawal type scene tha aaj,food
just top of funnel investment again,marketing
is hafte Miscellaneous liabilities cleared as usual,misc
had to the team earned their money this month today,salary
after the go-live party,entertainment
finally Watching stuff together builds culture for work,entertainment
ghar mein kuch tha nahi toh gaya market,food
is hafte knowledge purchase thankfully,education
finally tiffin service renewed as usual,food
Platform charge this month,subscriptions
just client ko khilaya piya as usual,food
getting more people to notice us,marketing
shifting goods required a truck thankfully,transport
What keeps the lights on here thankfully,utilities
had to monthly compensation processed for the team this week,salary
just the landlord was waiting since last week today,rent
so basically Invested in getting better at the job for work,education
bulk order fulfilled by supplier,raw_material
the usual tuesday kirana run,food
went ahead and replaced what broke last month for the team,shopping
"anyway, Production needs were fulfilled for the team",raw_material
had to movement cost for the field team again,transport
just project payment finally landed today,salary
ended up promoting what we built unfortunately,marketing
away on work this month,travel
went ahead and street food on the way to site this month,food
the tank was running low on the highway,transport
Moved the team to the venue,transport
kaam ka hisaab kiya,salary
had to annual billing cycle hit this week,subscriptions
the stuff that doesn't fit elsewhere,misc
just Staying relevant in the field as usual,education
aaj secured stock ahead of the busy period again,raw_material
so basically keeping the tech running today,subscriptions
material khatam ho gaya tha,raw_material
clearing what we owe to the municipality this week,utilities
"anyway, transaction from the company today",salary
had to secured the space for next month too for work,rent
The monthly recurring charges for the office,utilities
is hafte Net connection renewal done for work,utilities
finally brought breakfast for the early birds,food
bought what the team requested,shopping
aaj pick and drop arranged for client,transport
Digital visibility spend,marketing
is hafte The place we operate from — monthly dues again,rent
so basically payment credited for past service again,salary
finally the usual monthly digital overhead finally,subscriptions
ended up sabke liye kuch mangwa liya for the team,food
Body check required before travel,healthcare
so basically production lines needed feeding thankfully,raw_material
aaj the monthly recurring charges for the office this week,utilities
ended up post standup munchies finally,food
"anyway, checked in for the night again",travel
"honestly, Knowledge purchase finally",education
"honestly, the team needed to learn the new stack this month",education
ended up clearing dues that come every week,utilities
so basically preventive care is part of the plan for work,healthcare
the fridge was empty so did a big run,food
supplier came through on the order,raw_material
just away on work this month finally,travel
Levelling up before the next project,education
just growth budget utilized,marketing
had to subscribed to keep ourselves sane thankfully,entertainment
delivered the project so money came in,salary
premises payment settled,rent
ended up workshop that was worth every rupee again,education
ended up got rewarded for the last quarter's work this month,salary
finally Odds and ends this month,misc
Keeping the tech running,subscriptions
"honestly, location cost for the business unfortunately",rent
the landlord was waiting since last month,rent
just Ad hoc costs that came up,misc
the invoice was long overdue from them again,salary
ended up stocking up for the quarter finally,shopping
Clearing what we owe to the municipality,utilities
so basically The team earned their money this month thankfully,salary
Daily commute sorted for the week,transport
so basically the vehicle needed a topup before the trip finally,transport
had to brought something for the whole floor this week,food
went ahead and weekly obligation to the building owner unfortunately,rent
finally the client finally settled the dues,salary
cloud infra renewed today,subscriptions
aaj what keeps the lights on here as usual,utilities
Keeping the office functional this month,utilities
aaj Told the world about the new thing for work,marketing
everyone needed this after that quarter again,entertainment
Away on work this week,travel
Station se ghar tak ki cost for work,transport
went ahead and miscellaneous liabilities cleared this month,misc
aaj Brand push for the quarter unfortunately,marketing
finally Told the world about the new thing this month,marketing
"anyway, Treating the team after a hard week this week",food
had to staying relevant in the field this week,education
what keeps the lights on here,utilities
ended up conference required physical presence again,travel
Monthly household essentials done,food
just Doctor ne kuch likh diya toh le aayi again,healthcare
went ahead and Inputs for the manufacturing run as usual,raw_material
had to people got paid for their effort unfortunately,salary
ordered in because the cook was on leave,food
aaj moved the team to the venue today,transport
had to treating the team after a hard week unfortunately,food
ended up The team was hungry after the long session,food
aaj chai sutta break expenses,food
just After the go-live party this month,entertainment
aaj Away on work this week thankfully,travel
tolls on the way to the supplier,transport
went ahead and Offsite with the leadership team this week,travel
had to paisa aaya akhir finally thankfully,salary
went ahead and tools we rely on every day as usual,subscriptions
The tank was running low on the highway,transport
the account was in a different city,travel
aaj something for the persistent headache this week,healthcare
so basically what the building demands every month today,utilities
end of month petty expenses,misc
"honestly, finally got the items on backorder for work",shopping
office needed some new things as usual,shopping
so basically Cleared what we owe for the premises,rent
replaced what broke last month,shopping
went ahead and Getting equipped for the new hire thankfully,shopping
equipment upgrade done,shopping
Celebrating the project win with colleagues,food
"anyway, The landlord was waiting since last week unfortunately",rent
mental health is also an expense,healthcare
"honestly, End of week petty expenses this month",misc
ended up streamed the match live at office this month,entertainment
so basically monthly household essentials done as usual,food
just got stuff for the house from the big store finally,food
"honestly, tolls on the way to the supplier for the team",transport
just building owner cleared again,rent
had to The commute cost for the whole week this month,transport
shared meal before the long call,food
"anyway, the stuff that doesn't fit elsewhere for the team",misc
got compensated for the extra hours,salary
had to Daily commute sorted for the week thankfully,transport
so basically keeping everything switched on,utilities
settled with the property owner,rent
aaj the distance needed to be covered somehow finally,transport
finally long distance work commitment,travel
finally fleet maintenance costs for work,transport
finally the vehicle expenses this fortnight today,transport
went ahead and getting from point A to point B for work,transport
small but necessary outflows,misc
brought breakfast for the early birds,food
had to getting equipped for the new hire for work,shopping
went ahead and finally got the items on backorder,shopping
had to The office pantry needed a restock this month,food
ended up after the AC usage went up the bill doubled unfortunately,utilities
Tools we rely on every day this week,subscriptions
"honestly, Sourced what's needed for the work as usual",raw_material
ended up keeping the office functional this week again,utilities
is hafte production needs were fulfilled for work,raw_material
The team needed to decompress,entertainment
is hafte Paisa aaya akhir finally for the team,salary
is hafte software stack maintained for the team,subscriptions
Payment credited for past service,salary
is hafte Celebrating the project win with colleagues this month,food
production lines needed feeding,raw_material
so basically the world needed to know we exist again,marketing
finally certification unlocked this week,education
had to Checked into a place near the venue again,travel
went ahead and The fridge was empty so did a big run again,food
just Bought what the team requested unfortunately,shopping
"honestly, net connection renewal done again",utilities
ended up long pending payment from that big client thankfully,salary
just clearing the backlog of small dues this month,misc
"anyway, Mental health is also an expense as usual",healthcare
ended up Settled with the property owner finally,rent
aaj the office pantry needed a restock as usual,food
"honestly, the vehicle needed a topup before the trip",transport
subscribed to keep ourselves sane,entertainment
the monthly recurring charges for the office,utilities
movement cost for the field team for work,transport
is hafte Account credited after the invoice cleared finally,salary
aaj occupancy cost for this period as usual,rent
"honestly, after the go-live party thankfully",entertainment
celebrating the project win with colleagues unfortunately,food
ended up the hospital errand was unavoidable,healthcare
Dal chawal type scene tha aaj,food
just The van needed refilling for work,transport
"honestly, the baseline of doing business unfortunately",utilities
"anyway, Tolls on the way to the supplier",transport
went ahead and replaced the broken item this week,shopping
Checked into a place near the venue again,travel
Used an app to get a ride,transport
conference to broaden perspective as usual,education
is hafte building owner cleared finally,rent
It was someone's birthday so we all pitched in,food
"honestly, first-of-month big payment done as usual",rent
small stuff that needed sorting,misc
"anyway, Staying in shape is an investment for work",healthcare
"anyway, platform charged as expected thankfully",subscriptions
ghar mein kuch tha nahi toh gaya market finally,food
"honestly, Celebrating the project win with colleagues today",food
coordinating the site visits,transport
ghar aur office dono ke bills,utilities
the weekly recurring charges for the office,utilities
aaj reach extended this quarter finally,marketing
"anyway, Paisa aaya akhir finally for the team",salary
"anyway, Adding to the workspace this month",shopping
Renewal of the core stack,subscriptions
promoting what we built,marketing
aaj sourced what's needed for the work this week,raw_material
is hafte the account was in a different city as usual,travel
invested in getting better at the job,education
is hafte kept the wheels turning thankfully,transport
The landlord was waiting since last week,rent
ended up moved the team to the venue finally,transport
"anyway, first-of-week big payment done this week",rent
had to incentive structure played out thankfully,salary
so basically Net connection renewal done thankfully,utilities
went ahead and Ghar mein kuch tha nahi toh gaya market,food
tools we rely on every day,subscriptions
the account was in a different city unfortunately,travel
"anyway, first-of-week big payment done for the team",rent
finally something for the persistent headache for the team,healthcare
"anyway, The van needed refilling this month",transport
is hafte inputs for the manufacturing run today,raw_material
just played games all evening unfortunately,entertainment
finally The monthly recurring charges for the office as usual,utilities
the place we operate from — weekly dues,rent
"honestly, The team needed to decompress again",entertainment
had to essential services payment thankfully,utilities
aaj miscellaneous liabilities cleared,misc
had to Some downtime was needed for the team,entertainment
ended up Project deliverable submitted and invoiced this month,salary
"honestly, The team earned their money this month unfortunately",salary
"honestly, post meeting masti mein kuch kha liya finally",food
Kiraya dene ka time aa gaya this month,rent
"anyway, Used an app to get a ride as usual",transport
one-off expense no one planned for as usual,misc
is hafte Doctor ne kuch likh diya toh le aayi again,healthcare
went ahead and bought what the team requested this week,shopping
ended up The knee was acting up again this month,healthcare
had to Moved the team to the venue for work,transport
After the go-live party,entertainment
just future-proofing the skill set this week,education
Got rewarded for the last quarter's work,salary
finally Cleared what we owe for the premises for work,rent
had to did something fun for once thankfully,entertainment
is hafte the annual team day out,entertainment
so basically stocking up for the quarter this week,shopping
went ahead and brought breakfast for the early birds,food
"anyway, Material khatam ho gaya tha this month",raw_material
is hafte shared meal before the long call this week,food
kaam khatam hua paisa aa gaya,salary
"honestly, streamed the match live at office this week",entertainment
so basically customer acquisition spend finally,marketing
levelling up before the next project,education
ended up light aana band ho gaya tha toh diya as usual,utilities
went ahead and awareness campaign run for the team,marketing
is hafte doctor ne kuch likh diya toh le aayi again,healthcare
property dues cleared,rent
